source_id,title,file,sha256,pages,kind,status,notes
SW,"Sherwin-Williams Paint Specifications for 2515 Hwy A1A, Shawn Gooden, 9/25/2026",source/ocean-beach-villas_sherwin-williams-paint-spec_2026-09-25.pdf,8fabeb09f1c6b39be2694b6a92b63e4737f93762a14d47a99ba0722f74e5b8e6,18,spec,present,"good text layer; p.1 cover photo shows the building lettering and a Property Advantage logo"
PFE,"Mersco Proposal Format Example (2MOC Quality Inn Oceanfront)",source/mersco_proposal-format-example.pdf,c0e99ac8e0c207be12aafa68de4588c76e1530f4b9f3f7957484b3894a7d4484,17,proposal-template,present,"text layer garbled; read from page rasters; priced pages 8-15 not used"
ARCH,"Bid Pipeline Agent Team Architecture, 2026-10-07",source/bid-pipeline-architecture_2026-10-07.pdf,0f92692dfae80b5ad11d56ad7a735c4685b991beb7136390a40202d3d1dd23a2,17,design,present,"method rules p.6; spec rates take precedence over data sheets p.16"
OBV-TB,"Hand-made Ocean Beach test bid (superseded by this ledger)",source/ocean-beach-villas-repaint_scope-and-materials_2026-10-07.pdf,9f974f2eaa8f1d1287407fd82717fbf1e54ad9e2de8ff6e0462f463b815fad3d,15,prior-bid,present,"kept unchanged; also the only record of Chris's Oct 6 list until the email is uploaded"
IMG_8316,"Site photo IMG_8316",source/ocean-beach-villas_photos/IMG_8316.jpg,7615e2617b5ca31c9e67fa2ac4530fb4a83c20be97623255f45b3b6ca722956b,1,photo,present,"hash is the uploaded original (uploads/hearth); the copy in source/ differs in metadata bytes only, pixels identical (checked 2026-10-07)"
IMG_8324,"Site photo IMG_8324",source/ocean-beach-villas_photos/IMG_8324.jpg,4483d402529fba4c5d54e8b08a53fe9444f83a8fa5d4b306df283738e6caa3ce,1,photo,present,"uploaded as 0_IMG_8324; see IMG_8316 note on hashes"
IMG_8332,"Site photo IMG_8332",source/ocean-beach-villas_photos/IMG_8332.jpg,c0f950d9480bb0323dff1c270e1a7279f8cfe19220b6b28af2d162965e787a8d,1,photo,present,"see IMG_8316 note on hashes"
IMG_8343,"Site photo IMG_8343",source/ocean-beach-villas_photos/IMG_8343.jpg,e425ccc83bdd38217456ae9489b15b069dc318594878e9aa6bfb444bc49ccf07,1,photo,present,"see IMG_8316 note on hashes"
IMG_8356,"Site photo IMG_8356",source/ocean-beach-villas_photos/IMG_8356.jpg,9605a5bdc8a082456999edab3bf988cd2f8c0a5545aee80e41561ba5e0957d5a,1,photo,present,"uploaded as 0_IMG_8356; see IMG_8316 note on hashes"
IMG-OTHER,"The other 67 site photos (IMG_8303 to IMG_8374)",,,,photo,missing,"not uploaded as of 2026-10-07; anything that depends on them stays FIELD or unverified"
CT,"Chris Turner email, 2026-10-06 (base bid and alternates list)",,,,message,missing,"not uploaded; its content is known only second-hand from OBV-TB p.3 and p.6"
WEB,"Fetched web pages (URL and retrieval date on each row)",,,,fetched,present,"fetched 2026-10-07 with WebFetch, which returns an extract rather than raw HTML; quotes need a character check by the Auditor"
