para,section,claims,phrases,text
1,header,,license_line,"FL CGC. License# CGC0000000 MHIC#000000 DE#0000000000 • Mailing Address: 100 Example Ct, Example FL 00000"
2,header,OBV-H-002,,"Job Address:  
2515 Hwy A1A, Cocoa Beach, Florida 32931 (SW p.1)"
3,header,,contractor_block,"Contractor Co.  
Address: 100 Example Ave. Ocean City MD 21842  
Ph: 1-555-555-0100  
Email: info@example.com"
4,header,OBV-F-001,greeting,"Hello FIELD, thank you for considering Contractor Co. The purpose of this document is to define the deliverables, descri"
5,Division 01 General Conditions,,gc_site,1. Prepare the site for the project. Set up work trailer and/or equipment needed to complete the project. The work site 
6,Division 01 General Conditions,,gc_harness,2. Safety harnesses will be worn by workers while using the lift for fall protection. (PFE p.1)
7,Division 01 General Conditions,,gc_ppe,"3. Safety glasses, hard hats and masks will be worn. Work areas will have signs posted and will be caution taped off. (P"
8,Division 01 General Conditions,,gc_protect,"4. Precautions will be taken to protect shrubs, plants, fences and personal property. (PFE p.1)"
9,Division 01 General Conditions,,gc_hardware,"5. Remove and protect hardware, accessories, device plates, lighting fixtures, factory finished work and similar items o"
10,Division 01 General Conditions,,gc_vehicles,"6. While painting in areas near parking lots, we request that all vehicles be removed from the area to prevent and overs"
11,Division 01 General Conditions,,gc_access,"7. Shear walls and balconies will be accessed by swing stage, man lift scaffolding or other means. The man lift will be "
12,Division 01 General Conditions,,gc_landscape,8. *Contractor Co. will take precautions to protect the landscape. We will use tread mats and plywood under the tires wh
13,Division 01 General Conditions,OBV-SP-001,,9. At least one English-speaking contractor's representative on the job at all times (SW p.12 L.3)
14,Division 01 General Conditions,OBV-SP-002,,"10. Protect windows, brick, lawn, trees, shrubbery, floors, steps, outside carpeting and sprinkler systems; on completio"
15,Division 01 General Conditions,OBV-SP-003,,"11. Furnish a progress schedule for approval and advise the owner far enough ahead to prepare, advise residents and move"
16,Division 01 General Conditions,OBV-SP-004,,12. Owner provides water and electricity from existing facilities (SW p.13 M.7)
17,Division 01 General Conditions,OBV-SP-005,,"13. When spray painting is specified, spray a 100 sq ft Pilot Wall on the owner's request (SW p.12 L.11)"
18,Division 01 General Conditions,OBV-SP-006,,14. Own and use a wet film thickness gauge; Sherwin-Williams inspects after priming and before the finish coat is approv
19,Division 01 General Conditions,OBV-SP-007,,15. No painting right after rain or fog or below 50°F; substrate at least 5°F above dew point while painting and curing;
20,Division 01 General Conditions,OBV-SP-008,,"16. Maintain safety and ""wet paint"" signs and roping per OSHA; do not paint over code labels or equipment nameplates (SW"
21,Division 01 General Conditions,OBV-SP-009,,17. Notify the owner's representative before beginning if conditions substantially exceed the scope of work (SW p.12 L.1
22,Division 01 General Conditions,,gc_clear,"18. Contractor Co. will ensure that the site is cleared of all equipment, tools, work trailers, rental equipment and mat"
23,2.1 Pressure Washing,OBV-SP-020,,- Pressure wash all exposed surfaces to be painted at a minimum of 3000 psi with a chemical injector and bleach solution
24,2.1 Pressure Washing,OBV-SP-021,,"- K.1 gives 2500-3000 psi at 4-14 gallons per minute; power tool clean per SSPC-SP3, hand tool clean per SSPC-SP2 (SW p."
25,2.1 Pressure Washing,OBV-Q-001,,"- Wash at 3000 psi, the one pressure that meets both A.1 and K.1 (SW p.7 A.1 + p.11 K.1)"
26,2.1 Pressure Washing,OBV-SP-022,,- Remove mildew with Simple Green House and Siding Wash or KrudKutter House Wash per label; rinse with clean water to re
27,2.1 Pressure Washing,OBV-SP-023,,"- Clean stucco of chalk, dirt, stains and efflorescence; if chalk is still evident after cleaning, notify the owner in w"
28,2.1 Pressure Washing,OBV-SP-024,,"- Scrape and sand peeling or checked paint; on multi-layer peeling, wash with the intention of removing all failing coat"
29,2.1 Pressure Washing,,wash_2,- Rinse all surfaces completely and allow them to dry prior to subsequent repair or coating activities. (PFE p.2)
30,2.1 Pressure Washing,,wash_3,"- Inspect cleaned surfaces for underlying deterioration, delamination, or substrate failure. (PFE p.2)"
31,2.1 Pressure Washing,,wash_4,"- Any concealed damage discovered during or after powerwashing will be documented and brought to the Owner's attention, "
32,2.1 Pressure Washing,,wash_5,"- Confirm all elevations are fully cleaned and properly prepared to receive base coats, finish coats, or exterior paint "
33,2.1 Pressure Washing,OBV-A-001,allowance,"_(Contractor Co. allowance of FIELD SF for pressure washing exterior wall, ceiling, walkway, perimeter wall and garage s"
34,"7.1 Caulking, Sealants and Crack Repair",OBV-SP-030,,"- Caulk all exposed cracks and voids around doors, windows and other areas as necessary (SW p.7 A.2)"
35,"7.1 Caulking, Sealants and Crack Repair",,seal_clean,"- Clean and prepare joint surfaces by removing debris, contaminants, and residual sealant to ensure proper adhesion. (PF"
36,"7.1 Caulking, Sealants and Crack Repair",OBV-SP-031,,- Use a high grade acrylic caulk; replace caulking that cannot perform for the warranty period; 8 hours dry-weather cure
37,"7.1 Caulking, Sealants and Crack Repair",OBV-SP-032,,"- Caulking/sealant products listed: Elastomeric Patch, Shermax Urethanized Sealant, Loxon S1 Urethane Sealant (SW p.15)"
38,"7.1 Caulking, Sealants and Crack Repair",OBV-SP-033,,"- Crack repair, reading A: cracks under 1/4"" filled with SW Brush Grade Elastomeric Patch; cracks over 1/4"" cut to a V a"
39,"7.1 Caulking, Sealants and Crack Repair",OBV-SP-034,,"- Crack repair, reading B: hairline cracks 1/16"" or less sealed with Conseal Elastomeric Patching Material Brush Grade; "
40,"7.1 Caulking, Sealants and Crack Repair",,seal_tool,"- Tool sealant to proper profile to ensure watertight performance, uniform appearance, and long-term flexibility. (PFE p"
41,"7.1 Caulking, Sealants and Crack Repair",OBV-A-002 OBV-A-003,allowance concealed_preparation,_(Contractor Co. allowance of FIELD LF for joint sealant (OBV-F-006). Contractor Co. allowance of FIELD LF for crack rep
42,"9.1 Masonry, Stucco and Cementitious Surfaces",OBV-SP-040,,"- Paint all exterior masonry/stucco surfaces (walls, ceilings, perimeter wall), decorative stucco (option to repair/resu"
43,"9.1 Masonry, Stucco and Cementitious Surfaces",OBV-SP-041,,"- Paint all previously painted surfaces, including utility and phone boxes (if the utility allows), ground transformers,"
44,"9.1 Masonry, Stucco and Cementitious Surfaces",,coat_prep,"- Prepare substrates by scraping loose or peeling coatings, spot-priming bare or repaired areas, and ensuring all surfac"
45,"9.1 Masonry, Stucco and Cementitious Surfaces",OBV-SP-042,,- A full prime is required on all bare stucco and stucco repairs (SW p.5)
46,"9.1 Masonry, Stucco and Cementitious Surfaces",OBV-SP-043,,"- Prime coat: Loxon Clear or Pigmented Acrylic Masonry Conditioner, A24 series (current SW data sheets list Loxon Condit"
47,"9.1 Masonry, Stucco and Cementitious Surfaces",OBV-SP-044,,"- Finish coat: SuperPaint 100% Acrylic Exterior Satin A89 (7 year; coats not stated), or Latitude 100% Acrylic Exterior "
48,"9.1 Masonry, Stucco and Cementitious Surfaces",OBV-SP-046,,"- Gutters, downspouts, soffits and fascia: Loxon A24 conditioner prime, then A89 or K62 finish (SW p.18)"
49,"9.1 Masonry, Stucco and Cementitious Surfaces",,coat_apply,"- Install coatings in accordance with manufacturer spread rates and drying requirements to ensure uniform coverage, cons"
50,"9.1 Masonry, Stucco and Cementitious Surfaces",OBV-SP-045,,"- Hide must be complete, with additional coats regardless of the number specified; touch up suction spots after the firs"
51,"9.1 Masonry, Stucco and Cementitious Surfaces",,coat_finish,"- Finish all elevations with clean transitions at architectural breaks, edges, and adjacent surfaces to achieve a cohesi"
52,"9.1 Masonry, Stucco and Cementitious Surfaces",OBV-SP-047,,- Colors approved by the owners (darker colors fade faster and affect hide); Sherwin-Williams issues a seven or ten year
53,"9.1 Masonry, Stucco and Cementitious Surfaces",OBV-A-004 OBV-A-005 OBV-A-006 OBV-A-007,allowance concealed_preparation,_(Contractor Co. allowance of FIELD SF for exterior wall surfaces (OBV-F-002). Contractor Co. allowance of FIELD SF for 
54,9.2 Doors,OBV-SP-050,,"- Entrance and unit doors, fiberglass or wood: Pro Industrial Pro-Cryl Universal Primer B66 as needed, then 1 coat Pro I"
55,9.2 Doors,OBV-SP-051,,"- Metal doors: Kem Kromik Universal Metal Primer B50 as needed for rust, then 1 coat B53 (SW p.17)"
56,9.2 Doors,OBV-SP-052,,"- Finish door tops, bottoms and side edges the same as exterior faces (SW p.13 L.12)"
57,9.2 Doors,OBV-A-008,allowance,"_(Contractor Co. allowance of FIELD each for entrance, unit and utility doors (OBV-F-008).)_"
58,"9.3 Walkway, Stair and Landing Deck Coatings",OBV-OB-004,,- Open walkway with the deck coating peeling over a wide area; stair at rear (IMG_8343)
59,"9.3 Walkway, Stair and Landing Deck Coatings",OBV-SP-060,,"- Walkways, stairs and landings (previously painted) are in scope; existing coating is peeling in multiple layers; wash "
60,"9.3 Walkway, Stair and Landing Deck Coatings",OBV-SP-061,,"- Deck coating system: not named in the spec's Recommended Coatings Systems. Product, coats and warranty to come from Sh"
61,"9.3 Walkway, Stair and Landing Deck Coatings",OBV-A-009,allowance concealed_preparation,"_(Contractor Co. allowance of FIELD SF for walkway, landing and stair deck coating (OBV-F-011) [see OBV-OQ-02]. Any conc"
62,"9.4 Railings, Pool Fence and Balcony Steel Supports",OBV-OB-003,,- Oceanfront elevation: balconies with white picket railings over ground-floor patios (IMG_8332)
63,"9.4 Railings, Pool Fence and Balcony Steel Supports",OBV-SP-070,,"- All railings and guardrails on the property, pool fence and railings, and steel supports on balconies (SW p.7 A.3)"
64,"9.4 Railings, Pool Fence and Balcony Steel Supports",OBV-SP-071,,"- Ferrous metal: remove all loose rust and mill scale by wire brush, scraper or power tool; prime rust spots and bare me"
65,"9.4 Railings, Pool Fence and Balcony Steel Supports",OBV-SP-072,,"- Previously painted handrails in sound condition: wash with a strong detergent cleaner such as Krud-Kutter, M1-House Wa"
66,"9.4 Railings, Pool Fence and Balcony Steel Supports",OBV-SP-073,,"- Steel supports (and ferrous rails): B50 primer as needed for rust, then 1 coat B53. The spec names no system for alumi"
67,"9.4 Railings, Pool Fence and Balcony Steel Supports",OBV-A-010,allowance,"_(Contractor Co. allowance of FIELD LF for railings, pool fence and balcony steel supports (OBV-F-012 + F-013).)_"
68,Alternates,,alternates_intro,Alternate pricing provides costs for optional work or materials not included in the base scope of the project. Each alte
69,A.1 Walkway Texture and Coating Spot Repair,OBV-AL-001,,"- Spot repair of walkway texture and coating where the deck coating has delaminated to bare concrete, before the base-bi"
70,A.1 Walkway Texture and Coating Spot Repair,OBV-A-011,allowance,_(Contractor Co. allowance of FIELD SF for walkway texture and coating spot repair (OBV-F-014).)_
71,A.2 Wall Spall Repair,OBV-AL-002,,- Wall spall repair at locations to be marked in the field (CT 2026-10-06) [unverified]
72,A.2 Wall Spall Repair,,conc_spall_excavate,"- Excavate spalled concrete areas to sound substrate, removing all loose, delaminated, or fractured material. (PFE p.3)"
73,A.2 Wall Spall Repair,,conc_rebar,- Expose reinforcing steel where present and clean to bright metal using mechanical methods. (PFE p.3)
74,A.2 Wall Spall Repair,,conc_square,- Square repair edges to establish defined boundaries and eliminate feathering. (PFE p.3)
75,A.2 Wall Spall Repair,,conc_rebuild_spall,"- Rebuild spall areas using approved repair mortar, restoring original dimensions, structural continuity, and surface pr"
76,A.2 Wall Spall Repair,,conc_smooth,- Apply smoothing compound as needed to blend repaired sections with adjacent concrete surfaces and achieve a uniform fi
77,A.2 Wall Spall Repair,OBV-SP-042,,- A full prime is required on all bare stucco and stucco repairs (SW p.5)
78,A.2 Wall Spall Repair,OBV-A-012,allowance concealed_reinforcement,"_(Contractor Co. allowance of FIELD SF for partial-depth wall spall repair (OBV-F-014). Any concealed deterioration, str"
79,A.3 Column Repair,OBV-AL-003,,- Balcony column repair at locations to be marked in the field (CT 2026-10-06) [unverified]
80,A.3 Column Repair,,conc_excavate,"- Excavate deteriorated or spalled concrete on column surfaces to sound material, removing all loose, delaminated, or fr"
81,A.3 Column Repair,,conc_rebar,- Expose reinforcing steel where present and clean to bright metal using mechanical methods. (PFE p.3)
82,A.3 Column Repair,,conc_bond,- Treat exposed rebar with a corrosion-inhibiting bonding agent to ensure proper adhesion and long-term durability. (PFE
83,A.3 Column Repair,,conc_square,- Square repair edges to establish defined boundaries and eliminate feathering. (PFE p.3)
84,A.3 Column Repair,,conc_rebuild_column,"- Rebuild column surfaces using approved repair mortar, restoring original dimensions, geometry, and load-bearing contin"
85,A.3 Column Repair,,conc_smooth,- Apply smoothing compound as needed to blend repaired sections with adjacent concrete surfaces and achieve a uniform fi
86,A.3 Column Repair,OBV-A-013,allowance concealed_reinforcement,"_(Contractor Co. allowance of FIELD CF for column repair (OBV-F-014). Any concealed deterioration, structural deficienci"
87,A.4 Grooved Stucco Removal and Replacement,OBV-AL-004,,"- Decorative (grooved) stucco: the spec lists it with an ""option to repair/resurface""; remove the grooved finish to a so"
88,A.4 Grooved Stucco Removal and Replacement,OBV-A-014,allowance concealed_preparation,_(Contractor Co. allowance of FIELD SF for grooved stucco removal and replacement (OBV-F-015). Any concealed deteriorati
89,A.5 Top-Floor Balcony Soffit Replacement,OBV-OB-005,,- Top-floor balcony ceiling: ribbed metal soffit with an open access hatch (IMG_8356)
90,A.5 Top-Floor Balcony Soffit Replacement,OBV-AL-005,,"- Replace the metal soffit, trim and access hatch frames on top-floor balcony ceilings; inspect and replace deteriorated"
91,A.5 Top-Floor Balcony Soffit Replacement,OBV-A-015,allowance concealed_preparation,"_(Contractor Co. allowance of FIELD SF for top-floor balcony soffit replacement, plus FIELD access hatches (OBV-F-016). "
92,A.6 Pool Fence Post Pockets,OBV-AL-006,,- Re-set loose pool fence posts in their grout pockets; paint under base bid 9.4 (CT 2026-10-06) [unverified]
93,A.6 Pool Fence Post Pockets,,pocket_chip,"- Chip out loose, deteriorated, or delaminated concrete to expose sound substrate. (PFE p.4)"
94,A.6 Pool Fence Post Pockets,,pocket_clean,"- Clean pockets of dust, debris, and corrosion to ensure proper bonding of repair materials. (PFE p.4)"
95,A.6 Pool Fence Post Pockets,,pocket_prep,- Prepare exposed concrete surfaces per manufacturer requirements for patching materials. (PFE p.4)
96,A.6 Pool Fence Post Pockets,,pocket_mortar,"- Install approved repair mortar (Sika, Euclid, or engineer-specified equivalent) to rebuild post pockets to proper dept"
97,A.6 Pool Fence Post Pockets,OBV-A-016,allowance concealed_reinforcement,"_(Contractor Co. allowance of FIELD each for pool fence post pocket repairs (OBV-F-013). Any concealed deterioration, st"
98,A.7 Garage Doors,OBV-AL-007,,"- Garage doors: wire brush or power tool clean rust (SSPC-SP2/SP3, p.11 K.1), B50 primer as needed for rust, then 1 coat"
99,A.7 Garage Doors,OBV-A-017,allowance,_(Contractor Co. allowance of FIELD each for garage doors (OBV-F-009).)_
100,Exclusions,,excl_architectural,"- Architectural design, façade redesign, or color/finish selection services. (PFE p.16)"
101,Exclusions,,excl_concealed,"- Concealed deterioration, structural deficiencies, reinforcement loss, or substrate failures discovered during demoliti"
102,Exclusions,,excl_full_depth,- Full-depth structural concrete repairs unless specifically listed. (PFE p.16)
103,Exclusions,,excl_balcony_slab,"- Balcony slab replacements, structural beam repairs, or deck waterproofing systems. (PFE p.16)"
104,Exclusions,,excl_railing_coatings,"- Specialty railing coatings, powder coating, or anodizing unless specified. (PFE p.16)"
105,Exclusions,,excl_expansion,- Expansion joint replacements not listed. (PFE p.16)
106,Exclusions,,excl_electrical,"- Electrical conduit relocation, wiring modifications, or power supply adjustments. (PFE p.16)"
107,Exclusions,,excl_mep,"- HVAC, plumbing, or mechanical system modifications. (PFE p.16)"
108,Exclusions,,excl_interior,- Interior painting or coatings not listed in Division 09. (PFE p.16)
109,Exclusions,,excl_permits,"- Permits, fees, inspections, or third-party testing. (PFE p.16)"
110,Exclusions,,excl_mold,"- Mold remediation, hazardous material abatement, or environmental testing. (PFE p.16)"
111,Exclusions,,excl_tenants,- Temporary relocation of tenants or furnishings. (PFE p.16)
112,Exclusions,,excl_engineering,- Engineering Support (PFE p.16)
113,Exclusions,OBV-X-001,,"- Shutter boxes and guides, and any surface not listed in the spec's scope (SW p.7 A.4)"
114,Exclusions,OBV-X-002,,- Windows and outdoor carpeting (to be kept free of paint) (SW p.13 M.6)
115,Open questions,OBV-OQ-01,,"- **OBV-OQ-01** Crack repair: p.10 I.6 (break at 1/4"", Brush/Trowel Grade Elastomeric Patch) and p.15 (break at 1/16"", C"
116,Open questions,OBV-OQ-02,,- **OBV-OQ-02** Walkway deck coating: walkways are in scope (p.7) but no deck system is named (p.15-18). Ask the SW rep 
117,Open questions,OBV-OQ-03,,"- **OBV-OQ-03** p.7 A.3 puts walkways in the painting scope, while p.13 M.6 lists walkways among substrates ""designated "
118,Open questions,OBV-OQ-04,,"- **OBV-OQ-04** Product names that did not match SW's current catalog: ""C1100A"" caulk (not found), ""Conseal"" patch (not "
119,Open questions,OBV-OQ-05,,"- **OBV-OQ-05** Surface cleaner printed as ""A-1 Beach"". Confirm the intended product (possibly bleach); not corrected he"
120,Open questions,OBV-OQ-06,,"- **OBV-OQ-06** Owner chooses the 7-year (SuperPaint A89) or 10-year (Latitude K62) system, or Contractor Co. prices bot"
121,Open questions,OBV-OQ-07,,- **OBV-OQ-07** Aluminum railings: the spec gives a washing step (I.8) but no coating system. Which rails are aluminum a
122,Open questions,OBV-OQ-08,,- **OBV-OQ-08** Garage doors have a coating system (p.17) but are not in the p.7 scope list or the estimator's six base 
123,Open questions,OBV-OQ-09,,- **OBV-OQ-09** The estimator's Oct 6 email is not in the packet. The base/alternate split and the alternate list come f
124,Open questions,OBV-OQ-10,,- **OBV-OQ-10** 67 of the 72 photos are not uploaded. Every location the hand bid tied to them is FIELD until they arriv
125,Open questions,OBV-OQ-11,,- **OBV-OQ-11** Soffit attachment for A.5: the estimator reads it as wood furring on the roof slab. Open one hatch to co
126,Open questions,OBV-OQ-12,,"- **OBV-OQ-12** Permits: Cocoa Beach lists fences, external handrails, facia work and balcony restoration as permit item"
127,Open questions,OBV-OQ-13,,"- **OBV-OQ-13** Coastal Construction Control Line: is 2515 Hwy A1A seaward of the line (check Map Direct, OBV-C-014)? If"
128,Open questions,OBV-OQ-14,,- **OBV-OQ-14** Get the certificate-of-occupancy year from the owner: EPA RRP applies if built before 1978 (OBV-C-022); 
129,Open questions,OBV-OQ-15,,- **OBV-OQ-15** The FBC 9th Edition (2026) takes effect 12/31/2026 (OBV-C-006). Permits applied for after that date fall
130,Open questions,OBV-OQ-16,,"- **OBV-OQ-16** Building lettering appears on the stucco wall in the spec cover photo. Paint around it, or remove and re"
131,Open questions,OBV-OQ-17,,"- **OBV-OQ-17** Contractor Co.'s standard exclusion ""Ceiling soffit coatings"" (PFE p.16) conflicts with the spec's soffi"
132,Field takeoff,OBV-F-001,,- **OBV-F-001** Client: the spec cover carries a Property Advantage logo but names no owner or association. Confirm who 
133,Field takeoff,OBV-F-002,,"- **OBV-F-002** Wall SF by elevation, building and garage; story count (FIELD)"
134,Field takeoff,OBV-F-003,,- **OBV-F-003** Ceiling and balcony-underside SF by level (FIELD)
135,Field takeoff,OBV-F-004,,- **OBV-F-004** Perimeter wall LF and height (FIELD)
136,Field takeoff,OBV-F-005,,"- **OBV-F-005** Gutter, downspout, fascia and soffit LF/SF; conduit LF (FIELD)"
137,Field takeoff,OBV-F-006,,"- **OBV-F-006** Joint sealant LF at doors, windows and penetrations (FIELD)"
138,Field takeoff,OBV-F-007,,- **OBV-F-007** Crack LF by width class (class breaks depend on which crack-repair reading governs) (FIELD)
139,Field takeoff,OBV-F-008,,"- **OBV-F-008** Door counts by type (entrance, unit, utility) and material (fiberglass/wood or metal) (FIELD)"
140,Field takeoff,OBV-F-009,,- **OBV-F-009** Garage door count and SF (FIELD)
141,Field takeoff,OBV-F-010,,- **OBV-F-010** Door face SF (each type) (FIELD)
142,Field takeoff,OBV-F-011,,- **OBV-F-011** Walkway and landing SF per level; stair count with treads and risers (FIELD)
143,Field takeoff,OBV-F-012,,"- **OBV-F-012** Railing LF (balconies, walkways, stairs) and paintable SF per LF; which rails are aluminum and which fer"
144,Field takeoff,OBV-F-013,,"- **OBV-F-013** Pool fence LF, post count and loose post pockets; balcony steel support count (FIELD)"
145,Field takeoff,OBV-F-014,,- **OBV-F-014** Walkway spot-repair SF (A.1); spall SF (A.2); columns and CF of repair (A.3) (FIELD)
146,Field takeoff,OBV-F-015,,- **OBV-F-015** Grooved stucco SF and whether it is a finish coat or full-thickness system (A.4) (FIELD)
147,Field takeoff,OBV-F-016,,- **OBV-F-016** Top-floor soffit SF and access hatch count; open one hatch to confirm the attachment (A.5) (FIELD)
148,Field takeoff,OBV-F-017,,- **OBV-F-017** Lift and swing-stage access constraints on the ocean and parking sides (FIELD)
149,Field takeoff,OBV-F-018,,- **OBV-F-018** Year of the certificate of occupancy (decides EPA RRP and the milestone inspection timing) (FIELD)
150,Materials,OBV-M-001,,| OBV-M-001 | Loxon Clear or Pigmented Acrylic Masonry Conditioner (spec: A24 series). Rate not in spec; LX03 data sheet
151,Materials,OBV-M-002,,"| OBV-M-002 | SuperPaint Exterior Satin A89, 350-400 sq ft/gal (OBV-C-026), coats not stated; or Latitude Exterior Satin"
152,Materials,OBV-M-003,,"| OBV-M-003 | Pro-Cryl Universal Primer B66 as needed, 160-320 sq ft/gal (OBV-C-028, sheet dated 2015); B53 finish at th"
153,Materials,OBV-M-004,,"| OBV-M-004 | Kem Kromik B50 primer, spot, at 202-265 sq ft/gal (OBV-R-001); B53 finish at 320-400 sq ft/gal (OBV-R-002)"
154,Materials,OBV-M-005,,"| OBV-M-005 | Acrylic siliconized caulk (spec: ""C1100A ... or equivalent""); yield per the product data sheet once the pr"
155,Materials,OBV-M-006,,"| OBV-M-006 | Loxon S1 Urethane Sealant or Shermax Urethanized Sealant; joints no wider than 1-1/2"" or deeper than 1/2"" "
156,Materials,OBV-M-007,,"| OBV-M-007 | Crack patch: reading A Brush Grade / Trowel Grade Elastomeric Patch (SW lists Brush and Knife grades, OBV-"
157,Materials,OBV-M-008,,"| OBV-M-008 | Surface cleaner: Simple Green House & Siding, KrudKutter House Wash, or ""A-1 Beach"" as printed on p.15 [se"
158,Materials,OBV-M-009,,| OBV-M-009 | Walkway deck coating: product not named [unverified; see OBV-OQ-02] | FIELD | gal | SW p.15-18 | FIELD |
159,Materials,OBV-M-010,,"| OBV-M-010 | Repair mortar for A.2, A.3 and A.6: Sika, Euclid or engineer-specified equivalent; product and yield FIELD"
160,Codes,OBV-C-001,,"| OBV-C-001 | Permit list includes facia work, fences and fencing, and external handrails (new and replacements), plus b"
161,Codes,OBV-C-002,,"| OBV-C-002 | Painting, stucco, soffit and siding do not appear on the list, which the page calls ""more common projects"""
162,Codes,OBV-C-003,,"| OBV-C-003 | Permit and business tax applications go through the OpenGov portal | “Effective June 15, 2020, the Cocoa B"
163,Codes,OBV-C-004,,| OBV-C-004 | Contractors must pay the city business tax to solicit or perform construction work in Cocoa Beach | “Contr
164,Codes,OBV-C-005,,"| OBV-C-005 | FBC 8th Edition (2023) effective December 31, 2023 | “The Effective Date for the Florida Building Code, 8t"
165,Codes,OBV-C-006,,| OBV-C-006 | FBC 9th Edition (2026) effective 12/31/2026 | “2026 FBC (9th edition) effective date (6 – months after pub
166,Codes,OBV-C-007,,"| OBV-C-007 | FBC-Existing Building Chapter 4 ""Repairs"": only the title loaded; section text unverified [unverified] | “"
167,Codes,OBV-C-008,,"| OBV-C-008 | A Florida CGC's services are unlimited as to type of work | “""General contractor"" means a contractor whose"
168,Codes,OBV-C-009,,| OBV-C-009 | Painting is not one of the contractor categories (a)-(q). An absence finding [unverified] | “(a) General c
169,Codes,OBV-C-010,,"| OBV-C-010 | DEP permit required for construction seaward of the CCCL unless exempt | “Unless otherwise exempt, a permi"
170,Codes,OBV-C-011,,"| OBV-C-011 | CCCL rules do not apply to repair of an existing structure within its existing foundation, with no foundat"
171,Codes,OBV-C-012,,"| OBV-C-012 | Rule 62B-33.004 exemptions, amended 7-7-26: current text did not open [unverified] | — | [Rule 62B-33.004]"
172,Codes,OBV-C-013,,"| OBV-C-013 | Superseded 2018 version exempts handrail replacement, pools without excavation and fences, only at least 3"
173,Codes,OBV-C-014,,"| OBV-C-014 | Parcel position relative to the CCCL is found on DEP Map Direct (not yet checked) | “Use Map Direct, an in"
174,Codes,OBV-C-015,,| OBV-C-015 | Condo buildings three habitable stories or more: milestone inspection at 30 years from CO and every 10 yea
175,Codes,OBV-C-016,,| OBV-C-016 | Public pools fall under Chapter 64E-9 F.A.C.; condos of 32 units or less may apply for exempt status | “DH
176,Codes,OBV-C-017,,| OBV-C-017 | Fall protection at walkway and balcony edges 6 ft or more above a lower level | “Each employee on a walkin
177,Codes,OBV-C-018,,| OBV-C-018 | Tie-off to the boom or basket in aerial lifts | “a body belt...and a lanyard attached to the boom or baske
178,Codes,OBV-C-019,,| OBV-C-019 | Swing stage: personal fall arrest plus guardrail | “Each employee on a single-point or two-point adjustabl
179,Codes,OBV-C-020,,| OBV-C-020 | Silica PEL 50 µg/m³ (8-hr TWA) for stucco grinding and concrete chipping (A.2-A.4) | “no employee is expos
180,Codes,OBV-C-021,,| OBV-C-021 | OSHA lead standard applies wherever workers may be exposed to lead | “This section applies to all construc
181,Codes,OBV-C-022,,| OBV-C-022 | EPA RRP certification applies to paid work disturbing paint in homes built before 1978 (building age FIELD
182,Codes,OBV-C-023,,| OBV-C-023 | Legacy Loxon Concrete & Masonry Primer/Sealer A24W8300: 200-300 sq ft/gal (sheet dated 2014) | “200-300 sq
183,Codes,OBV-C-024,,| OBV-C-024 | Loxon Concrete & Masonry Primer-Sealer LX02: 200-320 sq ft/gal | “200-320 sq. ft. per gallon” | [SW LX02 d
184,Codes,OBV-C-025,,| OBV-C-025 | Loxon Acrylic Conditioner LX03: 200-300 sq ft/gal | “Coverage sq.ft. per gallon 200-300” | [SW LX03 data s
185,Codes,OBV-C-026,,"| OBV-C-026 | SuperPaint Exterior Satin A89: 350-400 sq ft/gal | “350-400 sq. ft. per gallon @ 4 mils wet, 1.4 mils dry”"
186,Codes,OBV-C-027,,"| OBV-C-027 | Latitude Exterior Satin K62: 350-400 sq ft/gal | “350-400 sq. ft. per gallon @ 4 mils wet, 1.4 mils dry” |"
187,Codes,OBV-C-028,,| OBV-C-028 | Pro-Cryl Universal Primer B66: 160-320 sq ft/gal (sheet dated 2015; check for a newer one) | “~Coverage: 1
188,Codes,OBV-C-029,,| OBV-C-029 | WB Alkyd Urethane Enamel B53 semi-gloss: 320-389 sq ft/gal (spec p.17 says 320-400 and governs) | “Coverag
189,Codes,OBV-C-030,,"| OBV-C-030 | Kem Kromik B50: 202-265 sq ft/gal, matching spec p.17 | “202-265 sq. ft. per gallon” | [SW B50 data sheet]"
190,Codes,OBV-C-031,,"| OBV-C-031 | Loxon S1: joints up to 1-1/2"" wide and 1/2"" deep; no LF yield given | “Recommended maximum joint width sho"
191,Codes,OBV-C-032,,"| OBV-C-032 | No Sherwin-Williams product named ""Conseal"" elastomeric patch was found [unverified] | — | [SW patching an"
192,Codes,OBV-C-033,,"| OBV-C-033 | SW Concrete & Masonry Patch comes in Brush Grade and Knife Grade (third-party listing, not sherwin-william"
193,Codes,OBV-C-034,,"| OBV-C-034 | No Sherwin-Williams caulk numbered ""C1100A"" was found [unverified] | — | [SW caulk search](https://www.she"
194,Terms,,change_orders,Change orders: Adjustments can be made to the initial contract and scope of the project to account for changing needs th
195,Terms,,costs,Costs: The customer is responsible for accessibility to areas of the building and utilities. Prompt payment at key miles
196,Terms,,warranty,Warranty: A 1-year workmanship warranty period will begin at completion of the job. (PFE p.16)
197,Terms,,allowance_definition,Allowance is the quantity of unit pricing included in the base bid. (PFE p.16)
